{"Domain":0,"Client":0,"Weight":2.0,"Weight significance":0.5}
{"Domain":1,"Client":1,"Weight":1.1111111111,"Weight significance":0.2777777778}
{"Domain":1,"Client":39,"Weight":1.1111111111,"Weight significance":0.2777777778}
{"Domain":1,"Client":45,"Weight":0.2222222222,"Weight significance":0.0555555556}
{"Domain":1,"Client":64,"Weight":0.2777777778,"Weight significance":0.0694444444}
{"Domain":1,"Client":110,"Weight":1.1111111111,"Weight significance":0.2777777778}
{"Domain":2,"Client":2,"Weight":1.2972972973,"Weight significance":0.3243243243}
{"Domain":2,"Client":3,"Weight":1.2307692308,"Weight significance":0.3076923077}
{"Domain":2,"Client":32,"Weight":1.0666666667,"Weight significance":0.2666666667}
{"Domain":2,"Client":40,"Weight":0.2042553191,"Weight significance":0.0510638298}
{"Domain":2,"Client":41,"Weight":1.0212765957,"Weight significance":0.2553191489}
{"Domain":2,"Client":42,"Weight":1.0212765957,"Weight significance":0.2553191489}
{"Domain":2,"Client":45,"Weight":0.2042553191,"Weight significance":0.0510638298}
{"Domain":2,"Client":46,"Weight":1.0212765957,"Weight significance":0.2553191489}
{"Domain":2,"Client":47,"Weight":0.5106382979,"Weight significance":0.1276595745}
{"Domain":2,"Client":74,"Weight":0.5106382979,"Weight significance":0.1276595745}
{"Domain":2,"Client":85,"Weight":0.5106382979,"Weight significance":0.1276595745}
{"Domain":2,"Client":105,"Weight":1.0212765957,"Weight significance":0.2553191489}
{"Domain":2,"Client":111,"Weight":1.0212765957,"Weight significance":0.2553191489}
{"Domain":2,"Client":112,"Weight":1.0212765957,"Weight significance":0.2553191489}
{"Domain":3,"Client":4,"Weight":2.0,"Weight significance":0.5}
{"Domain":4,"Client":5,"Weight":2.0,"Weight significance":0.5}
{"Domain":5,"Client":6,"Weight":2.0,"Weight significance":0.5}
{"Domain":6,"Client":7,"Weight":2.0,"Weight significance":0.5}
{"Domain":7,"Client":8,"Weight":2.0,"Weight significance":0.5}
{"Domain":8,"Client":9,"Weight":2.0,"Weight significance":0.5}
{"Domain":9,"Client":10,"Weight":2.0,"Weight significance":0.5}
{"Domain":10,"Client":11,"Weight":2.0,"Weight significance":0.5}
{"Domain":11,"Client":12,"Weight":0.6666666667,"Weight significance":0.1666666667}
{"Domain":12,"Client":13,"Weight":2.0,"Weight significance":0.5}
{"Domain":13,"Client":14,"Weight":0.380952381,"Weight significance":0.0952380952}
{"Domain":13,"Client":47,"Weight":0.5714285714,"Weight significance":0.1428571429}
{"Domain":13,"Client":48,"Weight":0.5714285714,"Weight significance":0.1428571429}
{"Domain":13,"Client":95,"Weight":1.1428571429,"Weight significance":0.2857142857}
{"Domain":14,"Client":15,"Weight":2.0,"Weight significance":0.5}
{"Domain":15,"Client":16,"Weight":4.0,"Weight significance":1.0}
{"Domain":16,"Client":17,"Weight":2.0,"Weight significance":0.5}
{"Domain":17,"Client":18,"Weight":2.0,"Weight significance":0.5}
{"Domain":18,"Client":19,"Weight":4.0,"Weight significance":1.0}
{"Domain":19,"Client":20,"Weight":1.3333333333,"Weight significance":0.3333333333}
{"Domain":19,"Client":55,"Weight":1.3333333333,"Weight significance":0.3333333333}
{"Domain":20,"Client":21,"Weight":1.0322580645,"Weight significance":0.2580645161}
{"Domain":20,"Client":22,"Weight":1.024,"Weight significance":0.256}
{"Domain":20,"Client":23,"Weight":1.0322580645,"Weight significance":0.2580645161}
{"Domain":20,"Client":24,"Weight":1.3913043478,"Weight significance":0.347826087}
{"Domain":20,"Client":25,"Weight":1.0322580645,"Weight significance":0.2580645161}
{"Domain":20,"Client":26,"Weight":1.1034482759,"Weight significance":0.275862069}
{"Domain":20,"Client":27,"Weight":1.0322580645,"Weight significance":0.2580645161}
{"Domain":20,"Client":28,"Weight":1.0322580645,"Weight significance":0.2580645161}
{"Domain":21,"Client":29,"Weight":2.0,"Weight significance":0.5}
{"Domain":22,"Client":30,"Weight":1.0,"Weight significance":0.25}
{"Domain":23,"Client":31,"Weight":2.0,"Weight significance":0.5}
{"Domain":23,"Client":33,"Weight":1.4285714286,"Weight significance":0.3571428571}
{"Domain":24,"Client":34,"Weight":2.0,"Weight significance":0.5}
{"Domain":25,"Client":35,"Weight":2.0,"Weight significance":0.5}
{"Domain":26,"Client":36,"Weight":2.0,"Weight significance":0.5}
{"Domain":27,"Client":37,"Weight":1.0,"Weight significance":0.25}
{"Domain":28,"Client":14,"Weight":2.6666666667,"Weight significance":0.6666666667}
{"Domain":29,"Client":38,"Weight":2.0,"Weight significance":0.5}
{"Domain":30,"Client":40,"Weight":0.4,"Weight significance":0.1}
{"Domain":31,"Client":43,"Weight":2.0,"Weight significance":0.5}
{"Domain":32,"Client":44,"Weight":2.0,"Weight significance":0.5}
{"Domain":33,"Client":30,"Weight":1.0,"Weight significance":0.25}
{"Domain":34,"Client":49,"Weight":2.0,"Weight significance":0.5}
{"Domain":35,"Client":45,"Weight":0.4,"Weight significance":0.1}
{"Domain":36,"Client":45,"Weight":0.4,"Weight significance":0.1}
{"Domain":37,"Client":45,"Weight":0.4,"Weight significance":0.1}
{"Domain":38,"Client":50,"Weight":0.6666666667,"Weight significance":0.1666666667}
{"Domain":39,"Client":51,"Weight":2.0,"Weight significance":0.5}
{"Domain":40,"Client":52,"Weight":0.5238095238,"Weight significance":0.130952381}
{"Domain":40,"Client":54,"Weight":1.0476190476,"Weight significance":0.2619047619}
{"Domain":40,"Client":71,"Weight":1.0476190476,"Weight significance":0.2619047619}
{"Domain":40,"Client":72,"Weight":1.0476190476,"Weight significance":0.2619047619}
{"Domain":40,"Client":87,"Weight":0.5238095238,"Weight significance":0.130952381}
{"Domain":40,"Client":88,"Weight":1.0476190476,"Weight significance":0.2619047619}
{"Domain":40,"Client":89,"Weight":1.0476190476,"Weight significance":0.2619047619}
{"Domain":40,"Client":90,"Weight":1.0476190476,"Weight significance":0.2619047619}
{"Domain":40,"Client":91,"Weight":0.5238095238,"Weight significance":0.130952381}
{"Domain":40,"Client":92,"Weight":1.0476190476,"Weight significance":0.2619047619}
{"Domain":40,"Client":94,"Weight":1.0476190476,"Weight significance":0.2619047619}
{"Domain":41,"Client":53,"Weight":2.0,"Weight significance":0.5}
{"Domain":42,"Client":56,"Weight":2.0,"Weight significance":0.5}
{"Domain":43,"Client":57,"Weight":0.5,"Weight significance":0.125}
{"Domain":44,"Client":58,"Weight":1.0909090909,"Weight significance":0.2727272727}
{"Domain":44,"Client":64,"Weight":0.2727272727,"Weight significance":0.0681818182}
{"Domain":44,"Client":74,"Weight":0.5454545455,"Weight significance":0.1363636364}
{"Domain":44,"Client":78,"Weight":0.5454545455,"Weight significance":0.1363636364}
{"Domain":44,"Client":79,"Weight":0.5454545455,"Weight significance":0.1363636364}
{"Domain":44,"Client":82,"Weight":1.0909090909,"Weight significance":0.2727272727}
{"Domain":45,"Client":40,"Weight":0.4,"Weight significance":0.1}
{"Domain":46,"Client":50,"Weight":0.6666666667,"Weight significance":0.1666666667}
{"Domain":47,"Client":59,"Weight":2.0,"Weight significance":0.5}
{"Domain":48,"Client":60,"Weight":2.0,"Weight significance":0.5}
{"Domain":49,"Client":48,"Weight":1.0,"Weight significance":0.25}
{"Domain":50,"Client":61,"Weight":2.0,"Weight significance":0.5}
{"Domain":51,"Client":62,"Weight":2.0,"Weight significance":0.5}
{"Domain":52,"Client":63,"Weight":1.2,"Weight significance":0.3}
{"Domain":52,"Client":64,"Weight":0.3,"Weight significance":0.075}
{"Domain":52,"Client":68,"Weight":1.2,"Weight significance":0.3}
{"Domain":53,"Client":57,"Weight":0.2727272727,"Weight significance":0.0681818182}
{"Domain":53,"Client":65,"Weight":0.5454545455,"Weight significance":0.1363636364}
{"Domain":53,"Client":69,"Weight":1.0909090909,"Weight significance":0.2727272727}
{"Domain":53,"Client":70,"Weight":1.0909090909,"Weight significance":0.2727272727}
{"Domain":53,"Client":78,"Weight":0.5454545455,"Weight significance":0.1363636364}
{"Domain":53,"Client":80,"Weight":1.0909090909,"Weight significance":0.2727272727}
{"Domain":54,"Client":64,"Weight":0.3,"Weight significance":0.075}
{"Domain":54,"Client":66,"Weight":1.2,