{"Domain":0,"Client":0,"Weight":0.3482587065}
{"Domain":1,"Client":0,"Weight":0.2256410256}
{"Domain":2,"Client":0,"Weight":0.1581395349}
